,Date,Timestamp,Friend3,Friend3,Friend3,Friend3,Friend3,Friend3,Friend3,Friend3,Friend3,Friend3,Friend3,Friend3,Friend3
,,,SoFi,SoFi,SoFi,SoFi,SoFi,SoFi,SoFi,SoFi,SoFi,SoFi,SoFi,SoFi,SoFi
,,,op_bnb,bsc,Total,op_bnb,op_bnb,bsc,Total,Total,op_bnb,op_bnb,bsc,Total,Total
,,,TVL,TVL,TVL,Tokens(USD),Tokens(USD),Tokens(USD),Tokens(USD),Tokens(USD),Tokens,Tokens,Tokens,Tokens,Tokens
,,,,,,WBNB,BNB,BNB,BNB,WBNB,WBNB,BNB,BNB,BNB,WBNB
,27/09/2023,1695772800,,12990.34498125,12990.34498125,,,12990.34498125,12990.34498125,,,,60.745125,60.745125,
,28/09/2023,1695859200,,12163.9463775,12163.9463775,,,12163.9463775,12163.9463775,,,,57.317625,57.317625,
,29/09/2023,1695945600,,12369.255022500001,12369.255022500001,,,12369.255022500001,12369.255022500001,,,,57.44325,57.44325,
,30/09/2023,1696032000,,12670.852687499999,12670.852687499999,,,12670.852687499999,12670.852687499999,,,,58.86575,58.86575,
,01/10/2023,1696118400,,12357.91775875,12357.91775875,,,12357.91775875,12357.91775875,,,,57.593875,57.593875,
,02/10/2023,1696204800,,12393.919684999999,12393.919684999999,,,12393.919684999999,12393.919684999999,,,,56.9495,56.9495,
,03/10/2023,1696291200,,11506.59019125,11506.59019125,,,11506.59019125,11506.59019125,,,,53.561375,53.561375,
,04/10/2023,1696377600,,10901.548953750002,10901.548953750002,,,10901.548953750002,10901.548953750002,,,,51.415125,51.415125,
,05/10/2023,1696464000,,10896.426433749999,10896.426433749999,,,10896.426433749999,10896.426433749999,,,,51.140125,51.140125,
,06/10/2023,1696550400,,11672.377199999999,11672.377199999999,,,11672.377199999999,11672.377199999999,,,,55.2669375,55.2669375,
,07/10/2023,1696636800,,12562.5818175,12562.5818175,,,12562.5818175,12562.5818175,,,,58.7805625,58.7805625,
,08/10/2023,1696723200,,13288.92454625,13288.92454625,,,13288.92454625,13288.92454625,,,,62.603875,62.603875,
,09/10/2023,1696809600,,13963.83942650321,13963.83942650321,,,13963.83942650321,13963.83942650321,,,,66.1291884187498,66.1291884187498,
,10/10/2023,1696896000,,13977.72189392227,13977.72189392227,,,13977.72189392227,13977.72189392227,,,,67.7510634187498,67.7510634187498,
,11/10/2023,1696982400,,13740.461891393956,13740.461891393956,,,13740.461891393956,13740.461891393956,,,,65.9584384187498,65.9584384187498,
,12/10/2023,1697068800,,15722.443289041958,15722.443289041958,,,15722.443289041958,15722.443289041958,,,,76.4115634187498,76.4115634187498,
,13/10/2023,1697155200,,17069.599201670582,17069.599201670582,,,17069.599201670582,17069.599201670582,,,,82.9023759187498,82.9023759187498,
,14/10/2023,1697241600,,18471.807339409457,18471.807339409457,,,18471.807339409457,18471.807339409457,,,,89.5993759187498,89.5993759187498,
,15/10/2023,1697328000,,19156.964613332086,19156.964613332086,,,19156.964613332086,19156.964613332086,,,,92.7159259187498,92.7159259187498,
,16/10/2023,1697414400,,18573.340614233395,18573.340614233395,,,18573.340614233395,18573.340614233395,,,,88.4234259187498,88.4234259187498,
,17/10/2023,1697500800,,18924.52773225558,18924.52773225558,,,18924.52773225558,18924.52773225558,,,,88.1440509187498,88.1440509187498,
,18/10/2023,1697587200,,21553.365969732895,21553.365969732895,,,21553.365969732895,21553.365969732895,,,,101.9505509187498,101.9505509187498,
,19/10/2023,1697673600,,29790.16097818915,29790.16097818915,,,29790.16097818915,29790.16097818915,,,,141.5814884187498,141.5814884187498,
,20/10/2023,1697760000,,29610.98995403996,29610.98995403996,,,29610.98995403996,29610.98995403996,,,,140.2035509187498,140.2035509187498,
,21/10/2023,1697846400,,32951.021458614894,32951.021458614894,,,32951.021458614894,32951.021458614894,,,,155.1585509187498,155.1585509187498,
,22/10/2023,1697932800,,34968.958504200455,34968.958504200455,,,34968.958504200455,34968.958504200455,,,,162.9191134187498,162.9191134187498,
,23/10/2023,1698019200,,35723.41845533727,35723.41845533727,,,35723.41845533727,35723.41845533727,,,,164.2380509187498,164.2380509187498,
,24/10/2023,1698105600,,38183.737537690584,38183.737537690584,,,38183.737537690584,38183.737537690584,,,,164.9405509187498,164.9405509187498,
,25/10/2023,1698192000,,37712.83294009733,37712.83294009733,,,37712.83294009733,37712.83294009733,,,,167.5083634187498,167.5083634187498,
,26/10/2023,1698278400,,38025.49411867908,38025.49411867908,,,38025.49411867908,38025.49411867908,,,,170.6863009187498,170.6863009187498,
,27/10/2023,1698364800,,39617.492924791266,39617.492924791266,,,39617.492924791266,39617.492924791266,,,,177.9521759187498,177.9521759187498,
,28/10/2023,1698451200,,40924.36540338408,40924.36540338408,,,40924.36540338408,40924.36540338408,,,,181.7406759187498,181.7406759187498,
,29/10/2023,1698537600,,40135.78817222402,40135.78817222402,,,40135.78817222402,40135.78817222402,,,,177.9463009187498,177.9463009187498,
,30/10/2023,1698624000,,39591.18654911133,39591.18654911133,,,39591.18654911133,39591.18654911133,,,,174.3644259187498,174.3644259187498,
,31/10/2023,1698710400,,35753.29178552377,35753.29178552377,,,35753.29178552377,35753.29178552377,,,,155.2938009187498,155.2938009187498,
,01/11/2023,1698796800,,37136.66011448658,37136.66011448658,,,37136.66011448658,37136.66011448658,,,,164.0456759187498,164.0456759187498,
,02/11/2023,1698883200,,37135.651906789266,37135.651906789266,,,37135.651906789266,37135.651906789266,,,,162.8256759187498,162.8256759187498,
,03/11/2023,1698969600,,36485.464326029076,36485.464326029076,,,36485.464326029076,36485.464326029076,,,,158.0963009187498,158.0963009187498,
,04/11/2023,1699056000,,36517.99416543714,36517.99416543714,,,35690.02511515627,35690.02511515627,,,,155.2888009187498,155.2888009187498,
,05/11/2023,1699142400,,37762.843303198635,37762.843303198635,,,36649.182498484515,36649.182498484515,,,,154.6444259187498,154.6444259187498,
,06/11/2023,1699228800,,37664.550884728145,37664.550884728145,,,37763.96467305696,37763.96467305696,,,,154.1638009187498,154.1638009187498,
,07/11/2023,1699315200,2162.78175,38972.98363753557,41135.765387535575,2162.78175,,38972.98363753557,38972.98363753557,2162.78175,8.557,,153.9825509187498,153.9825509187498,8.557
,08/11/2023,1699401600,2237.8671,37666.19957304726,39904.066673047266,2237.8671,,37666.19957304726,37666.19957304726,2237.8671,9.09,,152.9219259187498,152.9219259187498,9.09
,09/11/2023,1699488000,2446.92058,37724.96269072907,40171.88327072907,2446.92058,,37724.96269072907,37724.96269072907,2446.92058,9.917,,152.8688009187498,152.8688009187498,9.917
,10/11/2023,1699574400,3980.0726400000003,38612.85666049882,42592.92930049882,3980.0726400000003,,38612.85666049882,38612.85666049882,3980.0726400000003,15.734,,152.5838009187498,152.5838009187498,15.734
,11/11/2023,1699660800,5194.56105,38142.1122387532,43336.6732887532,5194.56105,,38142.1122387532,38142.1122387532,5194.56105,20.665,,151.8638009187498,151.8638009187498,20.665
,12/11/2023,1699747200,4594.12656,38135.168387685015,42729.29494768501,4594.12656,,38135.168387685015,38135.168387685015,4594.12656,18.264,,151.5525509187498,151.5525509187498,18.264
,13/11/2023,1699833600,5619.04344,37365.67592354676,42984.71936354676,5619.04344,,37365.67592354676,37365.67592354676,5619.04344,22.728,,150.8688009187498,150.8688009187498,22.728
,14/11/2023,1699920000,5490.95976,36185.91940239888,41676.87916239888,5490.95976,,36185.91940239888,36185.91940239888,5490.95976,22.968,,150.8438009187498,150.8438009187498,22.968
,15/11/2023,1700006400,5957.50268,36644.00233537708,42601.50501537708,5957.50268,,36644.00233537708,36644.00233537708,5957.50268,24.394,,150.0450509187498,150.0450509187498,24.394
,16/11/2023,1700092800,6451.09057,38027.53797804089,44478.62854804089,6451.09057,,38027.53797804089,38027.53797804089,6451.09057,25.387,,149.9213009187498,149.9213009187498,25.387
,17/11/2023,1700179200,6208.80459,36641.52015268945,42850.32474268945,6208.80459,,36641.52015268945,36641.52015268945,6208.80459,25.397,,149.8263009187498,149.8263009187498,25.397
,18/11/2023,1700265600,6388.533600000001,36408.34147903714,42796.87507903714,6388.533600000001,,36408.34147903714,36408.34147903714,6388.533600000001,26.16,,149.3063009187498,149.3063009187498,26.16
,19/11/2023,1700352000,6357.785,36278.16535473589,42635.95035473589,6357.785,,36278.16535473589,36278.16535473589,6357.785,26.11,,149.1394259187498,149.1394259187498,26.11
,20/11/2023,1700438400,6329.58963,36750.50262600276,43080.09225600276,6329.58963,,36750.50262600276,36750.50262600276,6329.58963,25.571,,148.5769259187498,148.5769259187498,25.571
,21/11/2023,1700524800,6591.74581,39230.57184176126,45822.31765176126,6591.74581,,39230.57184176126,39230.57184176126,6591.74581,24.947,,148.4713009187498,148.4713009187498,24.947
,22/11/2023,1700611200,5691.8274599999995,33888.91981006439,39580.74727006439,5691.8274599999995,,33888.91981006439,33888.91981006439,5691.8274599999995,24.746,,147.5163009187498,147.5163009187498,24.746
,23/11/2023,1700697600,5374.49934,34786.11202571083,40160.61136571083,5374.49934,,34786.11202571083,34786.11202571083,5374.49934,22.729,,147.1369259187498,147.1369259187498,22.729
,24/11/2023,1700784000,6932.82343,34394.00158410689,41326.825014106886,6932.82343,,34394.00158410689,34394.00158410689,6932.82343,29.611,,146.9013009187498,146.9013009187498,29.611
,25/11/2023,1700870400,7686.7733800000005,34336.21408285883,42022.98746285883,7686.7733800000005,,34336.21408285883,34336.21408285883,7686.7733800000005,32.813,,146.8238009187498,146.8238009187498,32.813
,26/11/2023,1700956800,7509.32872,34000.700473883015,41510.02919388301,7509.32872,,34000.700473883015,34000.700473883015,7509.32872,32.204,,145.8819259187498,145.8819259187498,32.204
,27/11/2023,1701043200,7361.23346,33754.82568741108,41116.059147411084,7361.23346,,33754.82568741108,33754.82568741108,7361.23346,31.787,,145.6581759187498,145.6581759187498,31.787
,28/11/2023,1701129600,7072.710779999999,32485.747510962392,39558.45829096239,7072.710779999999,,32485.747510962392,32485.747510962392,7072.710779999999,31.134,,143.0019259187498,143.0019259187498,31.134
,29/11/2023,1701216000,7216.60336,32484.129469090018,39700.73282909002,7216.60336,,32484.129469090018,32484.129469090018,7216.60336,31.352,,141.2169259187498,141.2169259187498,31.352
,30/11/2023,1701302400,7023.6341999999995,32248.20688378589,39271.84108378589,7023.6341999999995,,32248.20688378589,32248.20688378589,7023.6341999999995,30.846,,141.9063009187498,141.9063009187498,30.846
,01/12/2023,1701388800,7002.27243,32457.99720696914,39460.26963696914,7002.27243,,32457.99720696914,32457.99720696914,7002.27243,30.603,,141.8556759187498,141.8556759187498,30.603
,02/12/2023,1701475200,7011.2257199999995,32403.271917522325,39414.49763752233,7011.2257199999995,,32403.271917522325,32403.271917522325,7011.2257199999995,30.598,,141.4125509187498,141.4125509187498,30.598
,03/12/2023,1701561600,6997.076499999999,31916.735951038765,38913.812451038764,6997.076499999999,,31916.735951038765,31916.735951038765,6997.076499999999,30.595,,139.1131759187498,139.1131759187498,30.595
,04/12/2023,1701648000,6885.33885,31121.953117112764,38007.29196711276,6885.33885,,31121.953117112764,31121.953117112764,6885.33885,30.179,,136.4100509187498,136.4100509187498,30.179
,05/12/2023,1701734400,7131.0695399999995,31813.802101289206,38944.8716412892,7131.0695399999995,,31813.802101289206,31813.802101289206,7131.0695399999995,30.519,,136.3994259187498,136.3994259187498,30.519
,06/12/2023,1701820800,7171.00508,31468.871323712825,38639.87640371283,7171.00508,,31468.871323712825,31468.871323712825,7171.00508,31.046,,136.2406759187498,136.2406759187498,31.046
,07/12/2023,1701907200,7302.7428,31375.120648433327,38677.86344843333,7302.7428,,31375.120648433327,31375.120648433327,7302.7428,31.641,,135.6938009187498,135.6938009187498,31.641
,08/12/2023,1701993600,7388.02688,31709.952527257763,39097.979407257764,7388.02688,,31709.952527257763,31709.952527257763,7388.02688,31.616,,135.6575509187498,135.6575509187498,31.616
,09/12/2023,1702080000,7722.77188,32727.836883639207,40450.608763639204,7722.77188,,32727.836883639207,32727.836883639207,7722.77188,31.981,,135.6650509187498,135.6650509187498,31.981
,10/12/2023,1702166400,7801.07985,32392.038159397456,40193.118009397454,7801.07985,,32392.038159397456,32392.038159397456,7801.07985,32.661,,135.6450509187498,135.6450509187498,32.661
,11/12/2023,1702252800,7966.737,32632.925660216577,40599.66266021658,7966.737,,32632.925660216577,32632.925660216577,7966.737,33.057,,135.5300509187498,135.5300509187498,33.057
,12/12/2023,1702339200,8284.3372,33610.92702821938,41895.264228219385,8284.3372,,33610.92702821938,33610.92702821938,8284.3372,33.14,,135.4569259187498,135.4569259187498,33.14
,13/12/2023,1702425600,8423.90784,33943.51208389101,42367.41992389101,8423.90784,,33943.51208389101,33943.51208389101,8423.90784,33.492,,135.0663009187498,135.0663009187498,33.492
,14/12/2023,1702512000,8545.41285,34142.37552124157,42687.78837124157,8545.41285,,34142.37552124157,34142.37552124157,8545.41285,33.735,,135.0675509187498,135.0675509187498,33.735
,15/12/2023,1702598400,8526.633600000001,34016.605292637134,42543.238892637135,8526.633600000001,,34016.605292637134,34016.605292637134,8526.633600000001,33.856,,135.0669259187498,135.0669259187498,33.856
,16/12/2023,1702684800,7827.2383199999995,33092.07969537126,40919.31801537126,7827.2383199999995,,33092.07969537126,33092.07969537126,7827.2383199999995,31.944,,135.0531759187498,135.0531759187498,31.944
,17/12/2023,1702771200,7558.973830000001,32889.838690798264,40448.81252079827,7558.973830000001,,32889.838690798264,32889.838690798264,7558.973830000001,31.001,,135.0213009187498,135.0213009187498,31.001
,18/12/2023,1702857600,9657.8328,32134.588345749016,41792.42114574902,9657.8328,,32134.588345749016,32134.588345749016,9657.8328,40.656,,135.2750509187498,135.2750509187498,40.656
,19/12/2023,1702944000,10002.53325,33132.5874750937,43135.1207250937,10002.53325,,33132.5874750937,33132.5874750937,10002.53325,40.835,,135.2350509187498,135.2350509187498,40.835
,20/12/2023,1703030400,10344.48876,34127.917449855704,44472.406209855704,10344.48876,,34127.917449855704,34127.917449855704,10344.48876,40.991,,135.2350509187498,135.2350509187498,40.991
,21/12/2023,1703116800,10472.17248,34694.00165019607,45166.17413019607,10472.17248,,34694.00165019607,34694.00165019607,10472.17248,40.824,,135.2381759187498,135.2381759187498,40.824
,22/12/2023,1703203200,10653.68584,36692.32143925682,47346.00727925682,10653.68584,,36692.32143925682,36692.32143925682,10653.68584,39.256,,135.2463009187498,135.2463009187498,39.256
,23/12/2023,1703289600,10389.94814,36406.71519743288,46796.66333743288,10389.94814,,36406.71519743288,36406.71519743288,10389.94814,38.854,,136.1456759187498,136.1456759187498,38.854
,24/12/2023,1703376000,10541.94765,36663.16671323844,47205.11436323844,10541.94765,,36663.16671323844,36663.16671323844,10541.94765,38.893,,135.1488009187498,135.1488009187498,38.893
,25/12/2023,1703462400,10302.58075,35803.369365922765,46105.950115922766,10302.58075,,35803.369365922765,35803.369365922765,10302.58075,38.885,,135.1325509187498,135.1325509187498,38.885
,26/12/2023,1703548800,10406.1724,36041.571419058135,46447.74381905813,10406.1724,,36041.571419058135,36041.571419058135,10406.1724,38.858,,135.1238009187498,135.1238009187498,38.858
,27/12/2023,1703635200,11610.489599999999,40220.88316360369,51831.37276360369,11610.489599999999,,40220.88316360369,40220.88316360369,11610.489599999999,39.14,,135.0600509187498,135.0600509187498,39.14
,28/12/2023,1703721600,11720.393399999999,43903.26146285093,55623.65486285093,11720.393399999999,,43903.26146285093,43903.26146285093,11720.393399999999,35.94,,134.9706759187498,134.9706759187498,35.94
,29/12/2023,1703808000,11428.78128,42925.0911059105,54353.872385910494,11428.78128,,42925.0911059105,42925.0911059105,11428.78128,35.952,,134.8700509187498,134.8700509187498,35.952
,30/12/2023,1703894400,11281.888799999999,42274.76309108319,53556.65189108319,11281.888799999999,,42274.76309108319,42274.76309108319,11281.888799999999,35.98,,134.8219259187498,134.8219259187498,35.98
,31/12/2023,1703980800,11538.59064,42835.917326098126,54374.50796609813,11538.59064,,42835.917326098126,42835.917326098126,11538.59064,36.326,,134.7338009187498,134.7338009187498,36.326
,01/01/2024,1704067200,11370.09894,42376.58520399275,53746.68414399275,11370.09894,,42376.58520399275,42376.58520399275,11370.09894,36.138,,134.7213009187498,134.7213009187498,36.138
,02/01/2024,1704153600,11541.53203,42908.04644808313,54449.57847808313,11541.53203,,42908.04644808313,42908.04644808313,11541.53203,36.211,,134.6219259187498,134.6219259187498,36.211
,03/01/2024,1704240000,11288.1065,42116.45907201356,53404.56557201356,11288.1065,,42116.45907201356,42116.45907201356,11288.1065,36.07,,134.5831759187498,134.5831759187498,36.07
,04/01/2024,1704326400,11369.313900000001,42486.95741829012,53856.27131829012,11369.313900000001,,42486.95741829012,42486.95741829012,11369.313900000001,36.045,,134.5844259187498,134.5844259187498,36.045
,05/01/2024,1704412800,11733.361200000001,43838.27466905112,55571.63586905112,11733.361200000001,,43838.27466905112,43838.27466905112,11733.361200000001,36.014,,134.5681759187498,134.5681759187498,36.014
,06/01/2024,1704499200,10957.03675,41633.57012162337,52590.60687162337,10957.03675,,41633.57012162337,41633.57012162337,10957.03675,35.431,,134.6275509187498,134.6275509187498,35.431
,07/01/2024,1704585600,10921.277699999999,41357.77788024912,52279.05558024912,10921.277699999999,,41357.77788024912,41357.77788024912,10921.277699999999,35.415,,134.6238009187498,134.6238009187498,35.415
,08/01/2024,1704672000,10401.325759999998,40255.1718078532,50656.4975678532,10401.325759999998,,40255.1718078532,40255.1718078532,10401.325759999998,34.864,,134.5606759187498,134.5606759187498,34.864
,09/01/2024,1704758400,10611.604749999999,40945.60708040825,51557.21183040825,10611.604749999999,,40945.60708040825,40945.60708040825,10611.604749999999,34.855,,134.5169259187498,134.5169259187498,34.855
,10/01/2024,1704844800,10489.32878,40618.18880718488,51107.51758718488,10489.32878,,40618.18880718488,40618.18880718488,10489.32878,34.703,,134.5106759187498,134.5106759187498,34.703
,11/01/2024,1704931200,10552.919039999999,40861.01157095369,51413.93061095369,10552.919039999999,,40861.01157095369,40861.01157095369,10552.919039999999,34.568,,133.6200509187498,133.6200509187498,34.568
,12/01/2024,1705017600,10548.965,41061.25776668094,51610.222766680934,10548.965,,41061.25776668094,41061.25776668094,10548.965,34.3,,133.4544259187498,133.4544259187498,34.3
,13/01/2024,1705104000,10109.876740000002,39302.73593372075,49412.61267372075,10109.876740000002,,39302.73593372075,39302.73593372075,10109.876740000002,34.301,,133.5056759187498,133.5056759187498,34.301
,14/01/2024,1705190400,10301.020859999999,40175.01383802532,50476.034698025316,10301.020859999999,,40175.01383802532,40175.01383802532,10301.020859999999,34.242,,133.4806759187498,133.4806759187498,34.242
,15/01/2024,1705276800,10384.07238,40634.00825272256,51018.08063272256,10384.07238,,40634.00825272256,40634.00825272256,10384.07238,34.166,,133.4625509187498,133.4625509187498,34.166
,16/01/2024,1705363200,10842.64295,42210.92651772143,53053.569467721434,10842.64295,,42210.92651772143,42210.92651772143,10842.64295,34.205,,132.9394259187498,132.9394259187498,34.205
,17/01/2024,1705449600,10786.576680000002,41940.715963847186,52727.29264384719,10786.576680000002,,41940.715963847186,41940.715963847186,10786.576680000002,34.191,,132.9425509187498,132.9425509187498,34.191
,18/01/2024,1705536000,10129.200270000001,40736.8198030325,50866.0200730325,10129.200270000001,,40736.8198030325,40736.8198030325,10129.200270000001,32.963,,132.9400509187498,132.9400509187498,32.963
,19/01/2024,1705622400,10200.97058,41198.12177972055,51399.092359720555,10200.97058,,41198.12177972055,41198.12177972055,10200.97058,32.951,,132.9400509187498,132.9400509187498,32.951
,20/01/2024,1705708800,10330.1982,41783.91511357737,52114.11331357737,10330.1982,,41783.91511357737,41783.91511357737,10330.1982,32.86,,132.9131759187498,132.9131759187498,32.86
,21/01/2024,1705795200,10401.5044,42047.607017821065,52449.11141782106,10401.5044,,42047.607017821065,42047.607017821065,10401.5044,32.86,,132.8350509187498,132.8350509187498,32.86
,22/01/2024,1705881600,10448.435480000002,42197.25202586844,52645.68750586844,10448.435480000002,,42197.25202586844,42197.25202586844,10448.435480000002,32.834,,132.8294259187498,132.8294259187498,32.834
,23/01/2024,1705968000,9879.867999999999,40688.595101504936,50568.46310150494,9879.867999999999,,40688.595101504936,40688.595101504936,9879.867999999999,32.245,,132.7956759187498,132.7956759187498,32.245
,24/01/2024,1706054400,9694.05498,39682.35672753163,49376.41170753163,9694.05498,,39682.35672753163,39682.35672753163,9694.05498,32.414,,132.8013009187498,132.8013009187498,32.414
,25/01/2024,1706140800,9517.245829999998,38944.34805692338,48461.59388692338,9517.245829999998,,38944.34805692338,38944.34805692338,9517.245829999998,32.419,,132.8025509187498,132.8025509187498,32.419
,26/01/2024,1706227200,9447.51654,38656.421070411314,48103.93761041132,9447.51654,,38656.421070411314,38656.421070411314,9447.51654,32.459,,132.8125509187498,132.8125509187498,32.459
,27/01/2024,1706313600,9871.24936,40399.49207596532,50270.74143596532,9871.24936,,40399.49207596532,40399.49207596532,9871.24936,32.452,,132.8144259187498,132.8144259187498,32.452
,28/01/2024,1706400000,9899.50346,40554.24737711375,50453.75083711375,9899.50346,,40554.24737711375,40554.24737711375,9899.50346,32.417,,132.7775509187498,132.7775509187498,32.417
,29/01/2024,1706486400,9896.709359999999,40634.939356696435,50531.648716696436,9896.709359999999,,40634.939356696435,40634.939356696435,9896.709359999999,32.393,,133.0025509187498,133.0025509187498,32.393
,30/01/2024,1706572800,10041.64447,41345.96310665769,51387.60757665769,10041.64447,,41345.96310665769,41345.96310665769,10041.64447,32.383,,132.9794259187498,132.9794259187498,32.383
,31/01/2024,1706659200,9944.07078,38901.05643001944,48845.12721001944,9944.07078,,38901.05643001944,38901.05643001944,9944.07078,32.389,,126.7300509187498,126.7300509187498,32.389
,01/02/2024,1706745600,9618.4983,37702.34178633725,47320.84008633725,,9618.4983,37702.34178633725,47320.84008633725,,,32.33,126.7263009187498,159.0563009187498,
,02/02/2024,1706832000,9724.12805,38098.85102705288,47822.97907705288,,9724.12805,38098.85102705288,47822.97907705288,,,32.305,126.5700509187498,158.8750509187498,
,03/02/2024,1706918400,9770.9497,38281.11190037587,48052.06160037587,,9770.9497,38281.11190037587,48052.06160037587,,,32.306,126.5700509187498,158.8760509187498,
,04/02/2024,1707004800,9655.91616,37827.76241859594,47483.678578595944,,9655.91616,37827.76241859594,47483.678578595944,,,32.307,126.5650509187498,158.8720509187498,
,05/02/2024,1707091200,9782.96355,38323.22226449338,48106.18581449338,,9782.96355,38323.22226449338,48106.18581449338,,,32.303,126.5419259187498,158.8449259187498,
,06/02/2024,1707177600,9731.064690000001,38133.54786093875,47864.61255093875,,9731.064690000001,38133.54786093875,47864.61255093875,,,32.283,126.5088009187498,158.7918009187498,
,07/02/2024,1707264000,9740.749590000001,38170.18043246438,47910.93002246438,,9740.749590000001,38170.18043246438,47910.93002246438,,,32.283,126.5044259187498,158.78742591874982,
,08/02/2024,1707350400,9978.68902,39081.50499333857,49060.194013338565,9978.68902,,39081.50499333857,39081.50499333857,9978.68902,32.282,,126.5019259187498,126.5019259187498,32.282
,09/02/2024,1707436800,10098.373150000001,40258.64120489213,50357.014354892126,10098.373150000001,,40258.64120489213,40258.64120489213,10098.373150000001,31.715,,126.5000509187498,126.5000509187498,31.715
,10/02/2024,1707523200,10253.73304,40906.21658957775,51159.94962957775,10253.73304,,40906.21658957775,40906.21658957775,10253.73304,31.708,,126.5075509187498,126.5075509187498,31.708
,11/02/2024,1707609600,10246.69548,40889.77997249506,51136.47545249506,,10246.69548,40889.77997249506,51136.47545249506,,,31.698,126.4919259187498,158.1899259187498,
,12/02/2024,1707696000,10179.59462,40692.14107060775,50871.73569060775,10179.59462,,40692.14107060775,40692.14107060775,10179.59462,31.651,,126.4713009187498,126.4713009187498,31.651
,13/02/2024,1707782400,10403.6837,41570.70573699306,51974.389436993064,,10403.6837,41570.70573699306,51974.389436993064,,,31.651,126.4700509187498,158.1210509187498,
,14/02/2024,1707868800,10275.48083,41061.2343505405,51336.7151805405,,10275.48083,41061.2343505405,51336.7151805405,,,31.649,126.4706759187498,158.1196759187498,
,15/02/2024,1707955200,10565.22434,42204.347118114376,52769.57145811438,,10565.22434,42204.347118114376,52769.57145811438,,,31.658,126.4625509187498,158.1205509187498,
,16/02/2024,1708041600,10954.59288,45087.47585558943,56042.06873558943,,10954.59288,45087.47585558943,56042.06873558943,,,30.723,126.4513009187498,157.1743009187498,
,17/02/2024,1708128000,11050.76,45724.924893979114,56775.684893979116,11050.76,,45724.924893979114,45724.924893979114,11050.76,30.5,,126.4481759187498,126.4481759187498,30.5
,18/02/2024,1708214400,10741.285740000001,44578.64338890524,55319.92912890524,10741.285740000001,,44578.64338890524,44578.64338890524,10741.285740000001,30.451,,126.4463009187498,126.4463009187498,30.451
,19/02/2024,1708300800,10684.18218,44305.25084192993,54989.43302192993,10684.18218,,44305.25084192993,44305.25084192993,10684.18218,30.441,,126.4419259187498,126.4419259187498,30.441
,20/02/2024,1708387200,10767.89493,44711.951818388305,55479.84674838831,10767.89493,,44711.951818388305,44711.951818388305,10767.89493,30.441,,126.4406759187498,126.4406759187498,30.441
,21/02/2024,1708473600,10768.4544,44729.27348125774,55497.72788125774,10768.4544,,44729.27348125774,44729.27348125774,10768.4544,30.44,,126.4431759187498,126.4431759187498,30.44
,22/02/2024,1708560000,11529.7588,47892.88174274486,59422.64054274486,11529.7588,,47892.88174274486,47892.88174274486,11529.7588,30.44,,126.4431759187498,126.4431759187498,30.44
,23/02/2024,1708646400,11671.14795,48519.800064051866,60190.948014051864,11671.14795,,48519.800064051866,48519.800064051866,11671.14795,30.415,,126.4425509187498,126.4425509187498,30.415
,24/02/2024,1708732800,11406.86199,47323.24894911386,58730.11093911386,11406.86199,,47323.24894911386,47323.24894911386,11406.86199,30.411,,126.1650509187498,126.1650509187498,30.411
,25/02/2024,1708819200,11576.7666,48035.295748795616,59612.06234879562,11576.7666,,48035.295748795616,48035.295748795616,11576.7666,30.39,,126.1663009187498,126.1663009187498,30.39
,26/02/2024,1708905600,11738.21984,48810.251299445925,60548.47113944592,11738.21984,,48810.251299445925,48810.251299445925,11738.21984,30.391,,126.1638009187498,126.1638009187498,30.391
,27/02/2024,1708992000,12223.260199999999,50626.694104521164,62849.95430452116,12223.260199999999,,50626.694104521164,50626.694104521164,12223.260199999999,30.391,,125.8744259187498,125.8744259187498,30.391
,28/02/2024,1709078400,12004.499099999999,49735.76883021854,61740.26793021854,12004.499099999999,,49735.76883021854,49735.76883021854,12004.499099999999,30.365,,125.8050509187498,125.8050509187498,30.365
,29/02/2024,1709164800,12719.813820000001,52452.160460804356,65171.97428080436,12719.813820000001,,52452.160460804356,52452.160460804356,12719.813820000001,30.359,,125.8056759187498,125.8056759187498,30.359
,01/03/2024,1709251200,12203.40723,50588.22580720686,62791.63303720686,12203.40723,,50588.22580720686,50588.22580720686,12203.40723,30.359,,125.8006759187498,125.8006759187498,30.359
,02/03/2024,1709337600,12413.62473,51388.100993640044,63801.72572364005,12413.62473,,51388.100993640044,51388.100993640044,12413.62473,30.343,,125.6863009187498,125.6863009187498,30.343
,03/03/2024,1709424000,12448.108919999999,51560.34482372223,64008.45374372223,12448.108919999999,,51560.34482372223,51560.34482372223,12448.108919999999,30.342,,125.6619259187498,125.6619259187498,30.342
,04/03/2024,1709510400,12573.3104,52084.35505480342,64657.66545480342,12573.3104,,52084.35505480342,52084.35505480342,12573.3104,30.341,,125.6619259187498,125.6619259187498,30.341
,05/03/2024,1709596800,12631.83306,52411.076062192165,65042.90912219217,12631.83306,,52411.076062192165,52411.076062192165,12631.83306,30.338,,125.6619259187498,125.6619259187498,30.338
,06/03/2024,1709683200,11857.21645,49114.96374534336,60972.18019534336,11857.21645,,49114.96374534336,49114.96374534336,11857.21645,30.337,,125.6619259187498,125.6619259187498,30.337
,07/03/2024,1709769600,12998.5281,53843.88981766592,66842.41791766592,12998.5281,,53843.88981766592,53843.88981766592,12998.5281,30.33,,125.6625509187498,125.6625509187498,30.33
,08/03/2024,1709856000,14242.879560000001,59022.14998477759,73265.02954477759,14242.879560000001,,59022.14998477759,59022.14998477759,14242.879560000001,30.324,,125.6619259187498,125.6619259187498,30.324
,09/03/2024,1709942400,14549.350120000001,61006.35179503466,75555.70191503466,14549.350120000001,,61006.35179503466,61006.35179503466,14549.350120000001,29.969,,125.6619259187498,125.6619259187498,29.969
,10/03/2024,1710028800,14630.932900000002,61424.29851612165,76055.23141612165,14630.932900000002,,61424.29851612165,61424.29851612165,14630.932900000002,29.963,,125.6531759187498,125.6531759187498,29.963
,11/03/2024,1710115200,15369.820480000002,64452.167719281904,79821.98819928191,15369.820480000002,,64452.167719281904,64452.167719281904,15369.820480000002,29.963,,125.6475509187498,125.6475509187498,29.963
,12/03/2024,1710201600,15707.5785,65870.07325665458,81577.65175665458,15707.5785,,65870.07325665458,65870.07325665458,15707.5785,29.962,,125.6463009187498,125.6463009187498,29.962
,13/03/2024,1710288000,15767.534880000001,67029.55521663465,82797.09009663465,15767.534880000001,,67029.55521663465,67029.55521663465,15767.534880000001,29.556,,125.6458634187498,125.6458634187498,29.556
,14/03/2024,1710374400,18275.684240000002,77581.00761017544,95856.69185017544,18275.684240000002,,77581.00761017544,77581.00761017544,18275.684240000002,29.557,,125.6433634187498,125.6433634187498,29.557
,15/03/2024,1710460800,16887.58434,75487.42770152164,92375.01204152164,16887.58434,,75487.42770152164,75487.42770152164,16887.58434,28.094,,125.6364884187498,125.6364884187498,28.094
,16/03/2024,1710547200,17223.7434,77178.494835638,94402.23823563801,17223.7434,,77178.494835638,77178.494835638,17223.7434,28.038,,125.6364884187498,125.6364884187498,28.038
,17/03/2024,1710633600,16489.70856,73889.33156883514,90379.04012883514,16489.70856,,73889.33156883514,73889.33156883514,16489.70856,28.038,,125.6364884187498,125.6364884187498,28.038
,18/03/2024,1710720000,15660.624899999999,70172.5151375427,85833.14003754269,15660.624899999999,,70172.5151375427,70172.5151375427,15660.624899999999,28.038,,125.6333634187498,125.6333634187498,28.038
,19/03/2024,1710806400,15573.14634,70000.049192159,85573.195532159,15573.14634,,70000.049192159,70000.049192159,15573.14634,28.038,,125.6327384187498,125.6327384187498,28.038
,20/03/2024,1710892800,14365.54968,64334.67662458922,78700.22630458922,14365.54968,,64334.67662458922,64334.67662458922,14365.54968,28.038,,125.6364884187498,125.6364884187498,28.038
,21/03/2024,1710979200,15507.2647,69485.73918191051,84993.00388191051,15507.2647,,69485.73918191051,69485.73918191051,15507.2647,28.037,,125.6296134187498,125.6296134187498,28.037
,22/03/2024,1711065600,15796.045799999998,70874.85010632189,86670.89590632188,15796.045799999998,,70874.85010632189,70874.85010632189,15796.045799999998,28.037,,125.6289884187498,125.6289884187498,28.037
,23/03/2024,1711152000,15455.1906,69132.37603695382,84587.56663695382,15455.1906,,69132.37603695382,69132.37603695382,15455.1906,28.029,,125.6289884187498,125.6289884187498,28.029
,24/03/2024,1711238400,15642.984900000001,70105.16693650426,85748.15183650426,15642.984900000001,,70105.16693650426,70105.16693650426,15642.984900000001,28.029,,125.6139884187498,125.6139884187498,28.029
,25/03/2024,1711324800,15958.582639999999,71522.09272586775,87480.67536586775,15958.582639999999,,71522.09272586775,71522.09272586775,15958.582639999999,28.028,,125.6139884187498,125.6139884187498,28.028
,26/03/2024,1711411200,16591.73516,74385.20562818107,90976.94078818106,16591.73516,,74385.20562818107,74385.20562818107,16591.73516,28.028,,125.6146134187498,125.6146134187498,28.028
,27/03/2024,1711497600,16359.9436,73254.67410741231,89614.61770741231,16359.9436,,73254.67410741231,73254.67410741231,16359.9436,28.028,,125.6146134187498,125.6146134187498,28.028
,28/03/2024,1711584000,16369.2864,73252.16181514395,89621.44821514394,16369.2864,,73252.16181514395,73252.16181514395,16369.2864,28.032,,125.6146134187498,125.6146134187498,28.032
,29/03/2024,1711670400,16330.8606,73349.60520143407,89680.46580143407,16330.8606,,73349.60520143407,73349.60520143407,16330.8606,28.031,,125.5964884187498,125.5964884187498,28.031
,30/03/2024,1711756800,17096.3037,76512.65265514169,93608.9563551417,17096.3037,,76512.65265514169,76512.65265514169,17096.3037,28.035,,125.5808634187498,125.5808634187498,28.035
,31/03/2024,1711843200,16845.9042,75452.92488013188,92298.82908013188,16845.9042,,75452.92488013188,75452.92488013188,16845.9042,28.02,,125.5539884187498,125.5539884187498,28.02
,01/04/2024,1711929600,17010.33425,76131.91154736151,93142.24579736151,17010.33425,,76131.91154736151,76131.91154736151,17010.33425,28.025,,125.5514884187498,125.5514884187498,28.025
,02/04/2024,1712016000,16232.451299999999,72741.249219592,88973.700519592,16232.451299999999,,72741.249219592,72741.249219592,16232.451299999999,28.015,,125.5414884187498,125.5414884187498,28.015
,03/04/2024,1712102400,15497.617850000002,69410.9556533682,84908.57350336821,15497.617850000002,,69410.9556533682,69410.9556533682,15497.617850000002,28.015,,125.4739884187498,125.4739884187498,28.015
,04/04/2024,1712188800,15759.5581,70584.4890325835,86344.0471325835,15759.5581,,70584.4890325835,70584.4890325835,15759.5581,28.015,,125.4746134187498,125.4746134187498,28.015
,05/04/2024,1712275200,16387.62972,73398.67690770025,89786.30662770025,16387.62972,,73398.67690770025,73398.67690770025,16387.62972,28.014,,125.4721134187498,125.4721134187498,28.014
,06/04/2024,1712361600,16231.851009999998,72804.01748803469,89035.86849803469,16231.851009999998,,72804.01748803469,72804.01748803469,16231.851009999998,27.971,,125.4571134187498,125.4571134187498,27.971
,07/04/2024,1712448000,16425.13062,73612.5786579882,90037.7092779882,16425.13062,,73612.5786579882,73612.5786579882,16425.13062,27.971,,125.4496134187498,125.4496134187498,27.971
,08/04/2024,1712534400,16250.871290000001,72955.02327980813,89205.89456980812,16250.871290000001,,72955.02327980813,72955.02327980813,16250.871290000001,27.971,,125.4471134187498,125.4471134187498,27.971
,09/04/2024,1712620800,16481.422319999998,73928.49287993764,90409.91519993763,16481.422319999998,,73928.49287993764,73928.49287993764,16481.422319999998,27.964,,125.4471134187498,125.4471134187498,27.964
,10/04/2024,1712707200,16247.643279999998,73114.34111384995,89361.98439384995,16247.643279999998,,73114.34111384995,73114.34111384995,16247.643279999998,27.964,,125.4471134187498,125.4471134187498,27.964
,11/04/2024,1712793600,17028.39816,76348.36769778532,93376.76585778531,17028.39816,,76348.36769778532,76348.36769778532,17028.39816,27.964,,125.4471134187498,125.4471134187498,27.964
,12/04/2024,1712880000,16899.48412,75810.69863985307,92710.18275985308,16899.48412,,75810.69863985307,75810.69863985307,16899.48412,27.964,,125.4458634187498,125.4458634187498,27.964
,13/04/2024,1712966400,16640.25784,74798.01440421632,91438.27224421632,16640.25784,,74798.01440421632,74798.01440421632,16640.25784,27.964,,125.4389884187498,125.4389884187498,27.964
,14/04/2024,1713052800,15496.2506,67673.75222159088,83170.00282159088,15496.2506,,67673.75222159088,67673.75222159088,15496.2506,27.964,,122.4908634187498,122.4908634187498,27.964
,15/04/2024,1713139200,15742.89308,69190.7079318492,84933.6010118492,15742.89308,,69190.7079318492,69190.7079318492,15742.89308,27.964,,122.4896134187498,122.4896134187498,27.964
,16/04/2024,1713225600,15444.517199999998,67630.5694866627,83075.0866866627,15444.517199999998,,67630.5694866627,67630.5694866627,15444.517199999998,27.964,,122.4858634187498,122.4858634187498,27.964
,17/04/2024,1713312000,15103.937639999998,66192.28419465946,81296.22183465946,15103.937639999998,,66192.28419465946,66192.28419465946,15103.937639999998,27.948,,122.3539884187498,122.3539884187498,27.948
,18/04/2024,1713398400,14955.072119999999,65684.69185637977,80639.76397637976,14955.072119999999,,65684.69185637977,65684.69185637977,14955.072119999999,27.932,,122.3771134187498,122.3771134187498,27.932
,19/04/2024,1713484800,15394.44996,67446.92228960976,82841.37224960976,15394.44996,,67446.92228960976,67446.92228960976,15394.44996,27.931,,122.3771134187498,122.3771134187498,27.931
,20/04/2024,1713571200,15506.17396,67934.86001590057,83441.03397590057,15506.17396,,67934.86001590057,67934.86001590057,15506.17396,27.931,,122.3764884187498,122.3764884187498,27.931
,21/04/2024,1713657600,15956.9803,69977.32360760952,85934.30390760952,15956.9803,,69977.32360760952,69977.32360760952,15956.9803,27.931,,122.3764884187498,122.3764884187498,27.931
,22/04/2024,1713744000,16211.711019999999,70897.35309551076,87109.06411551076,16211.711019999999,,70897.35309551076,70897.35309551076,16211.711019999999,27.931,,122.1483634187498,122.1483634187498,27.931
,23/04/2024,1713830400,17010.2304,74072.07350689825,91082.30390689825,17010.2304,,74072.07350689825,74072.07350689825,17010.2304,27.936,,122.1464884187498,122.1464884187498,27.936
,24/04/2024,1713916800,16959.61785,74296.0060926255,91255.62394262549,16959.61785,,74296.0060926255,74296.0060926255,16959.61785,27.935,,122.1371134187498,122.1371134187498,27.935
,25/04/2024,1714003200,16935.59375,74148.71797469394,91084.31172469394,16935.59375,,74148.71797469394,74148.71797469394,16935.59375,27.935,,122.1258634187498,122.1258634187498,27.935
,26/04/2024,1714089600,17143.99485,74986.11764149656,92130.11249149656,17143.99485,,74986.11764149656,74986.11764149656,17143.99485,27.905,,122.1252384187498,122.1252384187498,27.905
,27/04/2024,1714176000,16674.19562,72929.57864631325,89603.77426631325,16674.19562,,72929.57864631325,72929.57864631325,16674.19562,27.901,,122.0333634187498,122.0333634187498,27.901
,28/04/2024,1714262400,16675.35128,72706.03668858163,89381.38796858164,16675.35128,,72706.03668858163,72706.03668858163,16675.35128,27.902,,121.6552384187498,121.6552384187498,27.902
,29/04/2024,1714348800,16890.849280000002,73526.09476963764,90416.94404963765,16890.849280000002,,73526.09476963764,73526.09476963764,16890.849280000002,27.904,,121.4664884187498,121.4664884187498,27.904
,30/04/2024,1714435200,16687.42912,72374.9893354825,89062.4184554825,16687.42912,,72374.9893354825,72374.9893354825,16687.42912,27.904,,121.1783634187498,121.1783634187498,27.904
,01/05/2024,1714521600,15862.49175,61287.775063400135,77150.26681340013,15862.49175,,61287.775063400135,61287.775063400135,15862.49175,27.895,,107.2739884187498,107.2739884187498,27.895
,02/05/2024,1714608000,15566.24685,57598.43874318126,73164.68559318126,15566.24685,,57598.43874318126,57598.43874318126,15566.24685,27.895,,103.4714884187498,103.4714884187498,27.895
,03/05/2024,1714694400,15690.3796,57986.42464201995,73676.80424201995,15690.3796,,57986.42464201995,57986.42464201995,15690.3796,27.895,,103.4677384187498,103.4677384187498,27.895
,04/05/2024,1714780800,16392.7161,60524.47016907451,76917.18626907452,16392.7161,,60524.47016907451,60524.47016907451,16392.7161,27.893,,103.1046134187498,103.1046134187498,27.893
,05/05/2024,1714867200,16358.071499999998,60469.75608259675,76827.82758259674,16358.071499999998,,60469.75608259675,60469.75608259675,16358.071499999998,27.891,,103.1027384187498,103.1027384187498,27.891
,06/05/2024,1714953600,16427.24118,60723.610311375254,77150.85149137526,16427.24118,,60723.610311375254,60723.610311375254,16427.24118,27.891,,103.0996134187498,103.0996134187498,27.891
,07/05/2024,1715040000,16537.41063,61123.81274062931,77661.2233706293,16537.41063,,61123.81274062931,61123.81274062931,16537.41063,27.891,,103.0877384187498,103.0877384187498,27.891
,08/05/2024,1715126400,16127.6714,59612.23844302626,75739.90984302625,16127.6714,,59612.23844302626,59612.23844302626,16127.6714,27.89,,103.0889884187498,103.0889884187498,27.89
,09/05/2024,1715212800,16358.3217,60282.02617178219,76640.3478717822,16358.3217,,60282.02617178219,60282.02617178219,16358.3217,27.89,,102.6758634187498,102.6758634187498,27.89
,10/05/2024,1715299200,16578.85824,60028.85316429976,76607.71140429977,16578.85824,,60028.85316429976,60028.85316429976,16578.85824,27.888,,101.0008634187498,101.0008634187498,27.888
,11/05/2024,1715385600,16327.866240000001,58505.3385343857,74833.2047743857,16327.866240000001,,58505.3385343857,58505.3385343857,16327.866240000001,27.888,,99.9083634187498,99.9083634187498,27.888
,12/05/2024,1715472000,16540.05857,59220.68241646395,75760.74098646395,16540.05857,,59220.68241646395,59220.68241646395,16540.05857,27.887,,99.9083634187498,99.9083634187498,27.887
,13/05/2024,1715558400,16603.791209999996,59475.33162056594,76079.12283056593,16603.791209999996,,59475.33162056594,59475.33162056594,16603.791209999996,27.891,,99.9064884187498,99.9064884187498,27.891
,14/05/2024,1715644800,16509.79854,59138.64675459476,75648.44529459476,16509.79854,,59138.64675459476,59138.64675459476,16509.79854,27.891,,99.9064884187498,99.9064884187498,27.891
,15/05/2024,1715731200,15747.702500000001,56498.4717094372,72246.1742094372,15747.702500000001,,56498.4717094372,56498.4717094372,15747.702500000001,27.875,,99.9071134187498,99.9071134187498,27.875
,16/05/2024,1715817600,16315.2375,58475.99929649426,74791.23679649425,16315.2375,,58475.99929649426,58475.99929649426,16315.2375,27.875,,99.9077384187498,99.9077384187498,27.875
,17/05/2024,1715904000,15857.05218,56885.82396336776,72742.87614336776,15857.05218,,56885.82396336776,56885.82396336776,15857.05218,27.858,,99.9083634187498,99.9083634187498,27.858
,18/05/2024,1715990400,16038.994400000001,57992.17232766333,74031.16672766332,16038.994400000001,,57992.17232766333,57992.17232766333,16038.994400000001,27.632,,99.9089884187498,99.9089884187498,27.632
,19/05/2024,1716076800,16027.112640000001,57972.55318622957,73999.66582622957,16027.112640000001,,57972.55318622957,57972.55318622957,16027.112640000001,27.632,,99.9096134187498,99.9096134187498,27.632
,20/05/2024,1716163200,15852.202080000003,57317.50467845258,73169.70675845258,15852.202080000003,,57317.50467845258,57317.50467845258,15852.202080000003,27.632,,99.9102384187498,99.9102384187498,27.632
,21/05/2024,1716249600,16746.3736,60550.97877493331,77297.35237493331,16746.3736,,60550.97877493331,60550.97877493331,16746.3736,27.632,,99.9108634187498,99.9108634187498,27.632
,22/05/2024,1716336000,17001.6558,61525.49456826612,78527.15036826613,17001.6558,,61525.49456826612,61525.49456826612,17001.6558,27.627,,99.9114884187498,99.9114884187498,27.627
,23/05/2024,1716422400,16992.262619999998,61451.94447933624,78444.20709933624,16992.262619999998,,61451.94447933624,61451.94447933624,16992.262619999998,27.627,,99.9121134187498,99.9121134187498,27.627
,24/05/2024,1716508800,16512.38163,59716.84462550257,76229.22625550257,16512.38163,,59716.84462550257,59716.84462550257,16512.38163,27.627,,99.9127384187498,99.9127384187498,27.627
,25/05/2024,1716595200,16574.47508,59971.49954120201,76545.97462120201,16574.47508,,59971.49954120201,59971.49954120201,16574.47508,27.614,,99.9158634187498,99.9158634187498,27.614
,26/05/2024,1716681600,16455.15957,60097.76945410963,76552.92902410963,16455.15957,,60097.76945410963,60097.76945410963,16455.15957,27.381,,99.9164884187498,99.9164884187498,27.381
,27/05/2024,1716768000,16446.94527,60016.46167974044,76463.40694974044,16446.94527,,60016.46167974044,60016.46167974044,16446.94527,27.381,,99.9158634187498,99.9158634187498,27.381
,28/05/2024,1716854400,16501.76052,60235.83413428563,76737.59465428563,16501.76052,,60235.83413428563,60235.83413428563,16501.76052,27.377,,99.9333634187498,99.9333634187498,27.377
,29/05/2024,1716940800,16499.02282,60225.464135443755,76724.48695544375,16499.02282,,60225.464135443755,60225.464135443755,16499.02282,27.377,,99.9327384187498,99.9327384187498,27.377
,30/05/2024,1717027200,16294.182100000002,59457.608841887755,75751.79094188775,16294.182100000002,,59457.608841887755,59457.608841887755,16294.182100000002,27.37,,99.9321134187498,99.9321134187498,27.37
,31/05/2024,1717113600,16280.99703,59425.42406566169,75706.42109566169,16280.99703,,59425.42406566169,59425.42406566169,16280.99703,27.369,,99.8964884187498,99.8964884187498,27.369
,01/06/2024,1717200000,16243.22781,59287.195980393815,75530.42379039382,16243.22781,,59287.195980393815,59287.195980393815,16243.22781,27.369,,99.8958634187498,99.8958634187498,27.369
,02/06/2024,1717286400,16450.969139999997,59965.982724920315,76416.95186492031,16450.969139999997,,59965.982724920315,59965.982724920315,16450.969139999997,27.354,,99.7089884187498,99.7089884187498,27.354
,03/06/2024,1717372800,16467.108,59997.854240519446,76464.96224051944,16467.108,,59997.854240519446,59997.854240519446,16467.108,27.354,,99.6989884187498,99.6989884187498,27.354
,04/06/2024,1717459200,17104.972279999998,62394.01206972201,79498.98434972201,17104.972279999998,,62394.01206972201,62394.01206972201,17104.972279999998,27.319,,99.6996134187498,99.6996134187498,27.319
,05/06/2024,1717545600,18648.49578,68057.37674940699,86705.87252940699,18648.49578,,68057.37674940699,68057.37674940699,18648.49578,27.319,,99.7002384187498,99.7002384187498,27.319
,06/06/2024,1717632000,19021.12694,69296.66880542424,88317.79574542424,19021.12694,,69296.66880542424,69296.66880542424,19021.12694,27.319,,99.6071134187498,99.6071134187498,27.319
,07/06/2024,1717718400,19315.07938,70273.25945442799,89588.33883442798,19315.07938,,70273.25945442799,70273.25945442799,19315.07938,27.319,,99.6077384187498,99.6077384187498,27.319
,08/06/2024,1717804800,18660.78933,68036.06945044543,86696.85878044543,18660.78933,,68036.06945044543,68036.06945044543,18660.78933,27.319,,99.6033634187498,99.6033634187498,27.319
,09/06/2024,1717891200,18729.36002,68286.50238012649,87015.8624001265,18729.36002,,68286.50238012649,68286.50238012649,18729.36002,27.319,,99.6039884187498,99.6039884187498,27.319
,10/06/2024,1717977600,18361.91947,67052.33986303912,85414.25933303911,18361.91947,,67052.33986303912,67052.33986303912,18361.91947,27.319,,99.5964884187498,99.5964884187498,27.319
,11/06/2024,1718064000,16790.07504,61188.15712317038,77978.23216317038,16790.07504,,61188.15712317038,61188.15712317038,16790.07504,27.246,,99.2927384187498,99.2927384187498,27.246
,12/06/2024,1718150400,16418.984519999998,59750.77437086688,76169.75889086688,16418.984519999998,,59750.77437086688,59750.77437086688,16418.984519999998,27.246,,99.2933634187498,99.2933634187498,27.246
,13/06/2024,1718236800,16864.53065,61449.07767282751,78313.60832282751,16864.53065,,61449.07767282751,61449.07767282751,16864.53065,27.247,,99.2939884187498,99.2939884187498,27.247
,14/06/2024,1718323200,16283.079670000001,59475.48754556276,75758.56721556277,16283.079670000001,,59475.48754556276,59475.48754556276,16283.079670000001,27.247,,99.2946134187498,99.2946134187498,27.247
,15/06/2024,1718409600,16462.90987,59995.17600499282,76458.08587499282,16462.90987,,59995.17600499282,59995.17600499282,16462.90987,27.247,,99.2952384187498,99.2952384187498,27.247
,16/06/2024,1718496000,16577.0748,60392.21055396738,76969.28535396738,16577.0748,,60392.21055396738,60392.21055396738,16577.0748,27.247,,99.2639884187498,99.2639884187498,27.247
,17/06/2024,1718582400,16598.05499,60358.840835405,76956.895825405,16598.05499,,60358.840835405,60358.840835405,16598.05499,27.247,,99.2646134187498,99.2646134187498,27.247
,18/06/2024,1718668800,16378.1717,59668.33481351051,76046.50651351051,16378.1717,,59668.33481351051,59668.33481351051,16378.1717,27.247,,99.2652384187498,99.2652384187498,27.247
,19/06/2024,1718755200,16044.12348,58443.76974642313,74487.89322642313,16044.12348,,58443.76974642313,58443.76974642313,16044.12348,27.247,,99.2658634187498,99.2658634187498,27.247
,20/06/2024,1718841600,16284.986959999998,59262.71311962782,75547.70007962782,16284.986959999998,,59262.71311962782,59262.71311962782,16284.986959999998,27.247,,99.2658634187498,99.2658634187498,27.247
,21/06/2024,1718928000,15944.27856,58094.353907189135,74038.63246718913,15944.27856,,58094.353907189135,58094.353907189135,15944.27856,27.244,,99.2658634187498,99.2658634187498,27.244
,22/06/2024,1719014400,15997.949240000002,58303.804879002695,74301.7541190027,15997.949240000002,,58303.804879002695,58303.804879002695,15997.949240000002,27.244,,99.2658634187498,99.2658634187498,27.244
,23/06/2024,1719100800,15984.08932,58412.37244512914,74396.46176512915,15984.08932,,58412.37244512914,58412.37244512914,15984.08932,27.194,,99.2664884187498,99.2664884187498,27.194
,24/06/2024,1719187200,15665.103699999998,57269.18307354513,72934.28677354513,15665.103699999998,,57269.18307354513,57269.18307354513,15665.103699999998,27.194,,99.2671134187498,99.2671134187498,27.194
,25/06/2024,1719273600,15369.504919999998,56132.42381149789,71501.92873149789,15369.504919999998,,56132.42381149789,56132.42381149789,15369.504919999998,27.194,,99.2721134187498,99.2721134187498,27.194
,26/06/2024,1719360000,15498.51122,57180.13506167595,72678.64628167596,15498.51122,,57180.13506167595,57180.13506167595,15498.51122,26.902,,99.2521134187498,99.2521134187498,26.902
,27/06/2024,1719446400,15393.614109999999,56825.17032688682,72218.78443688682,15393.614109999999,,56825.17032688682,56825.17032688682,15393.614109999999,26.887,,99.2527384187498,99.2527384187498,26.887
,28/06/2024,1719532800,15623.72346,57677.1220162697,73300.8454762697,15623.72346,,57677.1220162697,57677.1220162697,15623.72346,26.886,,99.2533634187498,99.2533634187498,26.886
,29/06/2024,1719619200,15242.450750000002,56271.6943902602,71514.1451402602,15242.450750000002,,56271.6943902602,56271.6943902602,15242.450750000002,26.885,,99.2533634187498,99.2533634187498,26.885
,30/06/2024,1719705600,15349.05141,56631.98409947027,71981.03550947027,15349.05141,,56631.98409947027,56631.98409947027,15349.05141,26.873,,99.2533634187498,99.2533634187498,26.873
,01/07/2024,1719792000,15683.620260000002,57852.80046952088,73536.42072952088,15683.620260000002,,57852.80046952088,57852.80046952088,15683.620260000002,26.873,,99.2533634187498,99.2533634187498,26.873
,02/07/2024,1719878400,15580.42794,57572.27598229582,73152.70392229581,15580.42794,,57572.27598229582,57572.27598229582,15580.42794,26.873,,99.2539884187498,99.2539884187498,26.873
,03/07/2024,1719964800,15564.03541,57485.29445373732,73049.32986373732,15564.03541,,57485.29445373732,57485.29445373732,15564.03541,26.873,,99.2546134187498,99.2546134187498,26.873
,04/07/2024,1720051200,14959.124179999999,55278.21993255432,70237.34411255432,14959.124179999999,,55278.21993255432,55278.21993255432,14959.124179999999,26.873,,99.2552384187498,99.2552384187498,26.873
,05/07/2024,1720137600,13871.88504,51553.17083469864,65425.05587469864,13871.88504,,51553.17083469864,51553.17083469864,13871.88504,26.871,,99.2552384187498,99.2552384187498,26.871
,06/07/2024,1720224000,13379.070899999999,49392.69531307246,62771.76621307246,13379.070899999999,,49392.69531307246,49392.69531307246,13379.070899999999,26.871,,99.2558634187498,99.2558634187498,26.871
,07/07/2024,1720310400,14088.106650000002,52108.335736209454,66196.44238620946,14088.106650000002,,52108.335736209454,52108.335736209454,14088.106650000002,26.835,,99.2558634187498,99.2558634187498,26.835
,08/07/2024,1720396800,13243.87755,48985.746273055585,62229.62382305558,13243.87755,,48985.746273055585,48985.746273055585,13243.87755,26.835,,99.2558634187498,99.2558634187498,26.835
,09/07/2024,1720483200,13867.791299999999,50575.82520502396,64443.61650502396,13867.791299999999,,50575.82520502396,50575.82520502396,13867.791299999999,26.835,,99.2558634187498,99.2558634187498,26.835
,10/07/2024,1720569600,13781.919300000001,50976.147322101526,64758.06662210153,13781.919300000001,,50976.147322101526,50976.147322101526,13781.919300000001,26.835,,99.2564884187498,99.2564884187498,26.835
,11/07/2024,1720656000,14050.65402,52090.797687044076,66141.45170704408,14050.65402,,52090.797687044076,52090.797687044076,14050.65402,26.826,,99.2564884187498,99.2564884187498,26.826
,12/07/2024,1720742400,14062.457460000001,52031.243793992835,66093.70125399284,14062.457460000001,,52031.243793992835,52031.243793992835,14062.457460000001,26.826,,99.2564884187498,99.2564884187498,26.826
,13/07/2024,1720828800,14315.15838,52978.150693507705,67293.3090735077,14315.15838,,52978.150693507705,52978.150693507705,14315.15838,26.826,,99.2564884187498,99.2564884187498,26.826
,14/07/2024,1720915200,14155.543679999999,52375.66380880589,66531.20748880589,14155.543679999999,,52375.66380880589,52375.66380880589,14155.543679999999,26.826,,99.2564884187498,99.2564884187498,26.826
,15/07/2024,1721001600,14675.96808,54301.23968412964,68977.20776412965,14675.96808,,54301.23968412964,54301.23968412964,14675.96808,26.826,,99.2564884187498,99.2564884187498,26.826
,16/07/2024,1721088000,15506.292940000001,57238.23917644044,72744.53211644044,15506.292940000001,,57238.23917644044,57238.23917644044,15506.292940000001,26.821,,99.2564884187498,99.2564884187498,26.821
,17/07/2024,1721174400,15445.40927,57158.474066955445,72603.88333695545,15445.40927,,57158.474066955445,57158.474066955445,15445.40927,26.821,,99.2558634187498,99.2558634187498,26.821
,18/07/2024,1721260800,15329.27434,56728.69617835226,72057.97051835226,15329.27434,,56728.69617835226,56728.69617835226,15329.27434,26.821,,99.2558634187498,99.2558634187498,26.821
,19/07/2024,1721347200,15343.489470000002,56781.6593297142,72125.14879971421,15343.489470000002,,56781.6593297142,56781.6593297142,15343.489470000002,26.821,,99.2564884187498,99.2564884187498,26.821
,20/07/2024,1721433600,15903.511950000002,58806.49169345669,74710.0036434567,15903.511950000002,,58806.49169345669,58806.49169345669,15903.511950000002,26.821,,99.2564884187498,99.2564884187498,26.821
,21/07/2024,1721520000,15946.15734,59011.9526244835,74958.1099644835,15946.15734,,59011.9526244835,59011.9526244835,15946.15734,26.821,,99.2564884187498,99.2564884187498,26.821
,22/07/2024,1721606400,16189.96023,59844.8154733352,76034.7757033352,16189.96023,,59844.8154733352,59844.8154733352,16189.96023,26.821,,99.2533634187498,99.2533634187498,26.821
,23/07/2024,1721692800,15858.666,58658.73778048113,74517.40378048114,15858.666,,58658.73778048113,58658.73778048113,15858.666,26.82,,99.2533634187498,99.2533634187498,26.82
,24/07/2024,1721779200,15588.27556,57706.800396429506,73295.0759564295,15588.27556,,57706.800396429506,57706.800396429506,15588.27556,26.819,,99.2514884187498,99.2514884187498,26.819
,25/07/2024,1721865600,15419.583449999998,57043.84672608457,72463.43017608457,15419.583449999998,,57043.84672608457,57043.84672608457,15419.583449999998,26.833,,99.2671134187498,99.2671134187498,26.833
,26/07/2024,1721952000,15334.6618,56726.22835747363,72060.89015747362,15334.6618,,56726.22835747363,56726.22835747363,15334.6618,26.837,,99.2758634187498,99.2758634187498,26.837
,27/07/2024,1722038400,15596.455600000001,57689.614326062,73286.069926062,15596.455600000001,,57689.614326062,57689.614326062,15596.455600000001,26.84,,99.2902384187498,99.2902384187498,26.84
,28/07/2024,1722124800,15573.416610000002,57615.35396419282,73188.77057419282,15573.416610000002,,57615.35396419282,57615.35396419282,15573.416610000002,26.841,,99.3008634187498,99.3008634187498,26.841
,29/07/2024,1722211200,15619.866840000002,57842.61928961664,73462.48612961665,15619.866840000002,,57842.61928961664,57842.61928961664,15619.866840000002,26.812,,99.3108634187498,99.3108634187498,26.812
,30/07/2024,1722297600,15300.570319999999,56676.457501275385,71977.02782127538,15300.570319999999,,56676.457501275385,56676.457501275385,15300.570319999999,26.813,,99.3208634187498,99.3208634187498,26.813
,31/07/2024,1722384000,15708.44562,58106.98898985282,73815.43460985282,15708.44562,,58106.98898985282,58106.98898985282,15708.44562,26.814,,99.3264884187498,99.3264884187498,26.814
,01/08/2024,1722470400,15455.709780000001,57248.34982276226,72704.05960276227,15455.709780000001,,57248.34982276226,57248.34982276226,15455.709780000001,26.817,,99.3308634187498,99.3308634187498,26.817
,02/08/2024,1722556800,15410.46559,57090.872679047825,72501.33826904782,15410.46559,,57090.872679047825,57090.872679047825,15410.46559,26.819,,99.3558634187498,99.3558634187498,26.819
,03/08/2024,1722643200,14345.4831,53377.67668241821,67723.15978241821,14345.4831,,53377.67668241821,53377.67668241821,14345.4831,26.819,,99.3646134187498,99.3646134187498,26.819
,04/08/2024,1722729600,14147.03136,52418.13967065889,66565.1710306589,14147.03136,,52418.13967065889,52418.13967065889,14147.03136,26.818,,99.3671134187498,99.3671134187498,26.818
,05/08/2024,1722816000,13488.8508,49968.15192282602,63457.00272282602,13488.8508,,49968.15192282602,49968.15192282602,13488.8508,26.82,,99.3521134187498,99.3521134187498,26.82
,06/08/2024,1722902400,13081.94275,48461.12722624522,61543.06997624522,13081.94275,,48461.12722624522,48461.12722624522,13081.94275,26.821,,99.3564884187498,99.3564884187498,26.821
,07/08/2024,1722988800,13096.28152,48524.63095441227,61620.91247441227,13096.28152,,48524.63095441227,48524.63095441227,13096.28152,26.824,,99.3664884187498,99.3664884187498,26.824
,08/08/2024,1723075200,12736.05644,47127.10286055534,59863.15930055534,12736.05644,,47127.10286055534,47127.10286055534,12736.05644,26.828,,99.3802384187498,99.3802384187498,26.828
,09/08/2024,1723161600,13853.71092,51274.16079636721,65127.871716367204,13853.71092,,51274.16079636721,51274.16079636721,13853.71092,26.828,,99.3858634187498,99.3858634187498,26.828
,10/08/2024,1723248000,13614.67344,50437.60666774715,64052.28010774715,13614.67344,,50437.60666774715,50437.60666774715,13614.67344,26.828,,99.3883634187498,99.3883634187498,26.828
,11/08/2024,1723334400,14101.054110000001,52181.618671069715,66282.67278106972,14101.054110000001,,52181.618671069715,52181.618671069715,14101.054110000001,26.829,,99.3727384187498,99.3727384187498,26.829
,12/08/2024,1723420800,13512.929499999998,50051.597954603334,63564.52745460333,13512.929499999998,,50051.597954603334,50051.597954603334,13512.929499999998,26.83,,99.3777384187498,99.3777384187498,26.83
,13/08/2024,1723507200,13956.966,51438.17088589234,65395.13688589234,13956.966,,51438.17088589234,51438.17088589234,13956.966,26.83,,99.3839884187498,99.3839884187498,26.83
,14/08/2024,1723593600,14057.79592,52054.98268432021,66112.7786043202,14057.79592,,52054.98268432021,52054.98268432021,14057.79592,26.834,,99.3889884187498,99.3889884187498,26.834
,15/08/2024,1723680000,14074.11558,52027.4435979104,66101.5591779104,14074.11558,,52027.4435979104,52027.4435979104,14074.11558,26.838,,99.3952384187498,99.3952384187498,26.838